date,sales,year,month,quarter,week_of_year,is_month_start,is_month_end,lag_1,lag_4,lag_8,rolling_mean_4,rolling_mean_8,rolling_std_4,ema_4,trend
2016-11-13,0,2016,11,4,45,0,0,0.0,37.0,3.0,0.0,39.125,0.0,10.630065965257817,8
2016-11-20,0,2016,11,4,46,0,0,0.0,0.0,0.0,0.0,39.125,0.0,6.352172795020614,9
2016-11-27,0,2016,11,4,47,0,0,0.0,0.0,0.0,0.0,39.125,0.0,3.8020519135298785,10
2016-12-04,0,2016,12,4,48,0,0,0.0,0.0,276.0,0.0,4.625,0.0,2.277913430390211,11
2016-12-11,0,2016,12,4,49,0,0,0.0,0.0,37.0,0.0,0.0,0.0,1.3655564567074632,12
2016-12-18,0,2016,12,4,50,0,0,0.0,0.0,0.0,0.0,0.0,0.0,0.8189054955682583,13
2016-12-25,1,2016,12,4,51,0,0,0.0,0.0,0.0,0.25,0.125,0.49999999999909317,0.8913773725293059,14
2017-01-01,0,2017,1,1,52,1,0,1.0,0.0,0.0,0.25,0.125,0.49999999999909317,0.5347258081914172,15
2017-01-08,45,2017,1,1,1,0,0,0.0,0.0,0.0,11.5,5.75,22.33830790368866,18.323846588807598,16
2017-01-15,83,2017,1,1,2,0,0,45.0,0.0,0.0,32.25,16.125,39.811011876950154,44.19693562308576,17
2017-01-22,233,2017,1,1,3,0,0,83.0,1.0,0.0,90.25,45.25,101.03258550256612,119.7227636137423,18
2017-01-29,400,2017,1,1,4,0,0,233.0,0.0,0.0,190.25,95.25,161.68152852650383,231.83775727004857,19
2017-02-05,500,2017,2,1,5,0,0,400.0,45.0,0.0,304.0,157.75,183.95108045347277,339.1050074784023,20
2017-02-12,562,2017,2,1,6,0,0,500.0,83.0,0.0,423.75,228.0,143.61609705507715,428.2641780152353,21
2017-02-19,434,2017,2,1,7,0,0,562.0,233.0,1.0,474.0,282.125,71.87025346646094,430.55852492829223,22
2017-02-26,398,2017,2,1,8,0,0,434.0,400.0,0.0,473.5,331.875,72.56031973468698,417.5350532468002,23
2017-03-05,534,2017,3,1,9,0,0,398.0,500.0,45.0,482.0,393.0,78.4516836445635,464.12116439373597,24
2017-03-12,637,2017,3,1,10,0,0,534.0,562.0,83.0,500.75,462.25,107.52170323551739,533.272816596325,25
2017-03-19,669,2017,3,1,11,0,0,637.0,434.0,233.0,559.5,516.75,122.10514594670722,587.5637455240378,26
2017-03-26,709,2017,3,1,12,0,0,669.0,398.0,400.0,637.25,555.375,74.87044365658141,636.1382771437619,27
2017-04-02,609,2017,4,2,13,0,0,709.0,534.0,500.0,656.0,569.0,43.00387579432038,625.2829622865454,28
2017-04-09,620,2017,4,2,14,0,0,609.0,637.0,562.0,651.75,576.25,46.22679598097479,623.169776904757,29
2017-04-16,456,2017,4,2,15,0,0,620.0,669.0,434.0,598.5,579.0,105.02221987116187,556.3018572732024,30
2017-04-23,617,2017,4,2,16,0,0,456.0,709.0,398.0,575.5,606.375,79.80183790698892,580.5811162962253,31
2017-04-30,731,2017,4,2,17,0,1,617.0,609.0,534.0,606.0,631.0,113.19893992436502,640.7486726508544,32
2017-05-07,840,2017,5,2,18,0,0,731.0,620.0,637.0,661.0,656.375,164.21733566628504,720.4492058740268,33
2017-05-14,855,2017,5,2,19,0,0,840.0,456.0,669.0,760.75,679.625,110.62361110239227,774.2695244496255,34
2017-05-21,1032,2017,5,2,20,0,0,855.0,617.0,709.0,864.5,720.0,124.591331961738,877.361715733112,35
2017-05-28,858,2017,5,2,21,0,0,1032.0,731.0,609.0,896.25,751.125,90.8418956209083,869.617029391938,36
2017-06-04,890,2017,6,2,22,0,0,858.0,840.0,620.0,908.75,784.875,83.67944789492817,877.7702176654371,37
2017-06-11,912,2017,6,2,23,0,0,890.0,855.0,456.0,923.0,841.875,75.97367965289031,891.4621306297669,38
2017-06-18,824,2017,6,2,24,0,0,912.0,1032.0,617.0,871.0,867.75,38.38402445462606,864.4772783417881,39
2017-06-25,708,2017,6,2,25,0,0,824.0,858.0,731.0,833.5,864.875,91.64242103596638,801.8863669548717,40
2017-07-02,780,2017,7,3,26,0,0,708.0,890.0,840.0,806.0,857.375,85.32291603080616,793.1318201687101,41
2017-07-09,887,2017,7,3,27,0,0,780.0,912.0,855.0,799.75,861.375,75.29663560434378,830.6790921120675,42
2017-07-16,1067,2017,7,3,28,0,0,887.0,824.0,1032.0,860.5,865.75,156.07797196700542,925.2074552836167,43
2017-07-23,1079,2017,7,3,29,0,0,1067.0,708.0,858.0,953.25,893.375,145.0939350903407,986.7244731765644,44
2017-07-30,1015,2017,7,3,30,0,0,1079.0,780.0,890.0,1012.0,909.0,87.84076502399097,998.0346839066441,45
2017-08-06,1073,2017,8,3,31,0,0,1015.0,887.0,912.0,1058.5,929.125,29.410882339705342,1028.0208103451084,46
2017-08-13,1043,2017,8,3,32,0,0,1073.0,1067.0,824.0,1052.5,956.5,29.546573405388177,1034.0124862071996,47
2017-08-20,1136,2017,8,3,33,0,0,1043.0,1079.0,708.0,1066.75,1010.0,51.88689622631124,1074.8074917248694,48
2017-08-27,1027,2017,8,3,34,0,0,1136.0,1015.0,780.0,1069.75,1040.875,48.106652346634874,1055.6844950347672,49
2017-09-03,1114,2017,9,3,35,0,0,1027.0,1073.0,887.0,1080.0,1069.25,53.13504806936118,1079.0106970209736,50
2017-09-10,991,2017,9,3,36,0,0,1114.0,1043.0,1067.0,1067.0,1059.75,69.1520064784818,1043.806418212482,51
2017-09-17,1280,2017,9,3,37,0,0,991.0,1136.0,1079.0,1103.0,1084.875,128.80217389469786,1138.2838509276542,52
2017-09-24,1110,2017,9,3,38,0,0,1280.0,1027.0,1015.0,1123.75,1096.75,118.77254172015795,1126.9703105565807,53
2017-10-01,1062,2017,10,4,39,1,0,1110.0,1114.0,1073.0,1110.75,1095.375,122.96713653113444,1100.982186333932,54
2017-10-08,1119,2017,10,4,40,0,0,1062.0,991.0,1043.0,1142.75,1104.875,94.85910604681024,1108.189311800362,55
2017-10-15,1167,2017,10,4,41,0,0,1119.0,1280.0,1136.0,1114.5,1108.75,43.023249528597795,1131.7135870802224,56
2017-10-22,1309,2017,10,4,42,0,0,1167.0,1110.0,1027.0,1164.25,1144.0,105.61368282566417,1202.628152248143,57
2017-10-29,1125,2017,10,4,43,0,0,1309.0,1062.0,1114.0,1180.0,1145.375,88.61151166750284,1171.5768913488832,58
2017-11-05,1077,2017,11,4,44,0,0,1125.0,1119.0,991.0,1169.5,1156.125,100.0049998750062,1133.7461348093282,59
2017-11-12,1320,2017,11,4,45,0,0,1077.0,1167.0,1280.0,1207.75,1161.125,124.8929541647566,1208.2476808855993,60
2017-11-19,1458,2017,11,4,46,0,0,1320.0,1309.0,1110.0,1245.0,1204.625,176.65220066560167,1308.1486085313613,61
2017-11-26,3428,2017,11,4,47,0,0,1458.0,1125.0,1062.0,1820.75,1500.375,1083.0135040709326,2156.0891651188263,62
2017-12-03,2341,2017,12,4,48,0,0,3428.0,1077.0,1119.0,2136.75,1653.125,972.4242472638508,2230.0534990712963,63
2017-12-10,1844,2017,12,4,49,0,0,2341.0,1320.0,1167.0,2267.75,1737.75,853.776854140862,2075.6320994427774,64
2017-12-17,1537,2017,12,4,50,0,0,1844.0,1458.0,1309.0,2287.5,1766.25,829.3662238922764,1860.179259665666,65
2017-12-24,1068,2017,12,4,51,0,0,1537.0,3428.0,1125.0,1697.5,1759.125,534.6603283082324,1543.307555799399,66
2017-12-31,943,2017,12,4,52,0,1,1068.0,2341.0,1077.0,1348.0,1742.375,417.99601274015373,1303.1845334796392,67
2018-01-07,1528,2018,1,1,1,0,0,943.0,1844.0,1320.0,1269.0,1768.375,308.53524920177284,1393.1107200877836,68
2018-01-14,1964,2018,1,1,2,0,0,1528.0,1537.0,1458.0,1375.75,1831.625,465.90440721962136,1621.4664320526704,69
2018-01-21,1923,2018,1,1,3,0,0,1964.0,1068.0,3428.0,1589.5,1643.5,473.71475242667583,1742.0798592316023,70
2018-01-28,1756,2018,1,1,4,0,0,1923.0,943.0,2341.0,1792.75,1570.375,198.10329797019227,1747.6479155389613,71
2018-02-04,1801,2018,2,1,5,0,0,1756.0,1528.0,1844.0,1861.0,1565.0,98.45134161943545,1768.988749323377,72
2018-02-11,1732,2018,2,1,6,0,0,1801.0,1964.0,1537.0,1803.0,1589.375,84.95881355103849,1754.1932495940264,73
2018-02-18,1842,2018,2,1,7,0,0,1732.0,1923.0,1068.0,1782.75,1686.125,48.76730462102782,1789.3159497564159,74
2018-02-25,1971,2018,2,1,8,0,0,1842.0,1756.0,943.0,1836.5,1814.625,100.5004145928436,1861.9895698538496,75
2018-03-04,2112,2018,3,1,9,0,0,1971.0,1801.0,1528.0,1914.25,1887.625,164.0739162694672,1961.99374191231,76
2018-03-11,1821,2018,3,1,10,0,0,2112.0,1732.0,1964.0,1936.5,1869.75,134.4879176729275,1905.596245147386,77
2018-03-18,1749,2018,3,1,11,0,0,1821.0,1842.0,1923.0,1913.25,1848.0,161.5804753056511,1842.9577470884315,78
2018-03-25,1953,2018,3,1,12,0,0,1749.0,1971.0,1756.0,1908.75,1872.625,159.67545208954357,1886.974648253059,79
2018-04-01,1646,2018,4,2,13,1,0,1953.0,2112.0,1801.0,1792.25,1853.25,129.00484487026108,1790.5847889518357,80
2018-04-08,1763,2018,4,2,14,0,0,1646.0,1821.0,1732.0,1777.75,1857.125,127.95148820288672,1779.5508733711015,81
2018-04-15,1771,2018,4,2,15,0,0,1763.0,1749.0,1842.0,1783.25,1848.25,126.77111921359217,1776.1305240226611,82
2018-04-22,1899,2018,4,2,16,0,0,1771.0,1953.0,1971.0,1769.75,1839.25,103.38721713377723,1825.2783144135965,83
2018-04-29,1888,2018,4,2,17,0,0,1899.0,1646.0,2112.0,1830.25,1811.25,73.24559144867901,1850.366988648158,84
2018-05-06,1995,2018,5,2,18,0,0,1888.0,1763.0,1821.0,1888.25,1833.0,91.75828754577682,1908.220193188895,85
2018-05-13,2257,2018,5,2,19,0,0,1995.0,1771.0,1749.0,2009.75,1896.5,171.69619487144573,2047.7321159133376,86
2018-05-20,2104,2018,5,2,20,0,0,2257.0,1899.0,1953.0,2061.0,1915.375,157.6388277043449,2070.2392695480025,87
2018-05-27,1095,2018,5,2,21,0,0,2104.0,1888.0,1646.0,1862.75,1846.5,522.9929094484297,1680.1435617288014,88
2018-06-03,1221,2018,6,2,22,0,0,1095.0,1995.0,1763.0,1669.25,1778.75,595.8603723468557,1496.486137037281,89
2018-06-10,1663,2018,6,2,23,0,0,1221.0,2257.0,1771.0,1520.75,1765.25,458.81323360745984,1563.0916822223687,90
2018-06-17,1711,2018,6,2,24,0,0,1663.0,2104.0,1899.0,1422.5,1741.75,310.3390618876932,1622.2550093334214,91
2018-06-24,1636,2018,6,2,25,0,0,1711.0,1095.0,1888.0,1557.75,1710.25,226.63241162728718,1627.753005600053,92
2018-07-01,1602,2018,7,3,26,1,0,1636.0,1221.0,1995.0,1653.0,1661.125,46.021733996016884,1617.451803360032,93
2018-07-08,1325,2018,7,3,27,0,0,1602.0,1663.0,2257.0,1568.5,1544.625,168.59913008870126,1500.4710820160194,94
2018-07-15,1075,2018,7,3,28,0,0,1325.0,1711.0,2104.0,1409.5,1416.0,262.92521116596413,1330.2826492096117,95
2018-07-22,1843,2018,7,3,29,0,0,1075.0,1636.0,1095.0,1461.25,1509.5,333.31504116476174,1535.3695895257674,96
2018-07-29,1861,2018,7,3,30,0,0,1843.0,1602.0,1221.0,1526.0,1589.5,390.0922967709054,1665.6217537154605,97
2018-08-05,2255,2018,8,3,31,0,0,1861.0,1325.0,1663.0,1758.5,1663.5,493.73778465902336,1901.3730522292767,98
2018-08-12,2211,2018,8,3,32,0,0,2255.0,1075.0,1711.0,2042.5,1726.0,220.82496839503193,2025.2238313375663,99
2018-08-19,2032,2018,8,3,33,0,0,2211.0,1843.0,1636.0,2089.75,1775.5,180.43535315083585,2027.9342988025396,100
2018-08-26,1187,2018,8,3,34,0,0,2032.0,1861.0,1602.0,1921.25,1723.625,498.90972797357523,1691.5605792815238,101
2018-09-02,132,2018,9,3,35,0,0,1187.0,2255.0,1325.0,1390.5,1574.5,950.4344620575723,1067.7363475689142,102
