date,predicted_demand,current_stock,lead_time_weeks,safety_stock,reorder_point,recommended_order_qty,reorder_alert,inventory_status
2016-11-13,0,14825,2,1605.1486058099053,1605.1486058099053,0.0,Stock Sufficient,Healthy Stock
2016-11-20,0,9419,3,1965.8975227870405,1965.8975227870405,0.0,Stock Sufficient,Healthy Stock
2016-11-27,0,11069,1,1135.0114639803164,1135.0114639803164,0.0,Stock Sufficient,Healthy Stock
2016-12-04,0,8251,2,1605.1486058099053,1605.1486058099053,0.0,Stock Sufficient,Healthy Stock
2016-12-11,0,6891,1,1135.0114639803164,1135.0114639803164,0.0,Stock Sufficient,Healthy Stock
2016-12-18,0,8315,3,1965.8975227870405,1965.8975227870405,0.0,Stock Sufficient,Healthy Stock
2016-12-25,1,6318,3,1965.8975227870405,1968.8975227870405,0.0,Stock Sufficient,Healthy Stock
2017-01-01,0,13423,1,1135.0114639803164,1135.0114639803164,0.0,Stock Sufficient,Healthy Stock
2017-01-08,45,9844,2,1605.1486058099053,1695.1486058099053,0.0,Stock Sufficient,Healthy Stock
2017-01-15,83,5041,2,1605.1486058099053,1771.1486058099053,0.0,Stock Sufficient,Healthy Stock
2017-01-22,233,12430,2,1605.1486058099053,2071.1486058099053,0.0,Stock Sufficient,Healthy Stock
2017-01-29,400,5121,1,1135.0114639803164,1535.0114639803164,0.0,Stock Sufficient,Healthy Stock
2017-02-05,500,9028,3,1965.8975227870405,3465.8975227870405,0.0,Stock Sufficient,Healthy Stock
2017-02-12,562,10893,3,1965.8975227870405,3651.8975227870405,0.0,Stock Sufficient,Healthy Stock
2017-02-19,434,9252,1,1135.0114639803164,1569.0114639803164,0.0,Stock Sufficient,Healthy Stock
2017-02-26,398,11530,3,1965.8975227870405,3159.8975227870405,0.0,Stock Sufficient,Healthy Stock
2017-03-05,534,12830,3,1965.8975227870405,3567.8975227870405,0.0,Stock Sufficient,Healthy Stock
2017-03-12,637,9831,2,1605.1486058099053,2879.1486058099053,0.0,Stock Sufficient,Healthy Stock
2017-03-19,669,7050,1,1135.0114639803164,1804.0114639803164,0.0,Stock Sufficient,Healthy Stock
2017-03-26,709,5373,3,1965.8975227870405,4092.8975227870405,0.0,Stock Sufficient,Healthy Stock
2017-04-02,609,10804,1,1135.0114639803164,1744.0114639803164,0.0,Stock Sufficient,Healthy Stock
2017-04-09,620,5176,1,1135.0114639803164,1755.0114639803164,0.0,Stock Sufficient,Healthy Stock
2017-04-16,456,10692,2,1605.1486058099053,2517.1486058099053,0.0,Stock Sufficient,Healthy Stock
2017-04-23,617,14256,1,1135.0114639803164,1752.0114639803164,0.0,Stock Sufficient,Healthy Stock
2017-04-30,731,7043,3,1965.8975227870405,4158.8975227870405,0.0,Stock Sufficient,Healthy Stock
2017-05-07,840,11379,2,1605.1486058099053,3285.1486058099053,0.0,Stock Sufficient,Healthy Stock
2017-05-14,855,9196,2,1605.1486058099053,3315.1486058099053,0.0,Stock Sufficient,Healthy Stock
2017-05-21,1032,10054,1,1135.0114639803164,2167.0114639803164,0.0,Stock Sufficient,Healthy Stock
2017-05-28,858,7716,2,1605.1486058099053,3321.1486058099053,0.0,Stock Sufficient,Healthy Stock
2017-06-04,890,11924,1,1135.0114639803164,2025.0114639803164,0.0,Stock Sufficient,Healthy Stock
2017-06-11,912,6544,2,1605.1486058099053,3429.1486058099053,0.0,Stock Sufficient,Healthy Stock
2017-06-18,824,6840,1,1135.0114639803164,1959.0114639803164,0.0,Stock Sufficient,Healthy Stock
2017-06-25,708,11484,2,1605.1486058099053,3021.1486058099053,0.0,Stock Sufficient,Healthy Stock
2017-07-02,780,10253,1,1135.0114639803164,1915.0114639803164,0.0,Stock Sufficient,Healthy Stock
2017-07-09,887,11044,2,1605.1486058099053,3379.1486058099053,0.0,Stock Sufficient,Healthy Stock
2017-07-16,1067,10123,3,1965.8975227870405,5166.8975227870405,0.0,Stock Sufficient,Healthy Stock
2017-07-23,1079,13291,2,1605.1486058099053,3763.1486058099053,0.0,Stock Sufficient,Healthy Stock
2017-07-30,1015,14981,2,1605.1486058099053,3635.1486058099053,0.0,Stock Sufficient,Healthy Stock
2017-08-06,1073,12314,3,1965.8975227870405,5184.8975227870405,0.0,Stock Sufficient,Healthy Stock
2017-08-13,1043,5263,1,1135.0114639803164,2178.0114639803164,0.0,Stock Sufficient,Healthy Stock
2017-08-20,1136,13273,2,1605.1486058099053,3877.1486058099053,0.0,Stock Sufficient,Healthy Stock
2017-08-27,1027,10177,1,1135.0114639803164,2162.0114639803164,0.0,Stock Sufficient,Healthy Stock
2017-09-03,1114,6651,3,1965.8975227870405,5307.8975227870405,0.0,Stock Sufficient,Healthy Stock
2017-09-10,991,11698,2,1605.1486058099053,3587.1486058099053,0.0,Stock Sufficient,Healthy Stock
2017-09-17,1280,9079,3,1965.8975227870405,5805.8975227870405,0.0,Stock Sufficient,Healthy Stock
2017-09-24,1110,6391,3,1965.8975227870405,5295.8975227870405,0.0,Stock Sufficient,Healthy Stock
2017-10-01,1062,11442,2,1605.1486058099053,3729.1486058099053,0.0,Stock Sufficient,Healthy Stock
2017-10-08,1119,10856,2,1605.1486058099053,3843.1486058099053,0.0,Stock Sufficient,Healthy Stock
2017-10-15,1167,8229,2,1605.1486058099053,3939.1486058099053,0.0,Stock Sufficient,Healthy Stock
2017-10-22,1309,7790,3,1965.8975227870405,5892.8975227870405,0.0,Stock Sufficient,Healthy Stock
2017-10-29,1125,14564,1,1135.0114639803164,2260.0114639803164,0.0,Stock Sufficient,Healthy Stock
2017-11-05,1077,14443,3,1965.8975227870405,5196.8975227870405,0.0,Stock Sufficient,Healthy Stock
2017-11-12,1320,9187,1,1135.0114639803164,2455.0114639803164,0.0,Stock Sufficient,Healthy Stock
2017-11-19,1458,11277,3,1965.8975227870405,6339.8975227870405,0.0,Stock Sufficient,Healthy Stock
2017-11-26,3428,7322,2,1605.1486058099053,8461.148605809905,1139.1486058099053,Reorder Needed,Low Stock
2017-12-03,2341,6927,3,1965.8975227870405,8988.89752278704,2061.8975227870396,Reorder Needed,Low Stock
2017-12-10,1844,7749,1,1135.0114639803164,2979.0114639803164,0.0,Stock Sufficient,Healthy Stock
2017-12-17,1537,10746,3,1965.8975227870405,6576.8975227870405,0.0,Stock Sufficient,Healthy Stock
2017-12-24,1068,11120,3,1965.8975227870405,5169.8975227870405,0.0,Stock Sufficient,Healthy Stock
2017-12-31,943,14299,2,1605.1486058099053,3491.1486058099053,0.0,Stock Sufficient,Healthy Stock
2018-01-07,1528,13903,2,1605.1486058099053,4661.148605809905,0.0,Stock Sufficient,Healthy Stock
2018-01-14,1964,7619,3,1965.8975227870405,7857.8975227870405,238.89752278704054,Reorder Needed,Low Stock
2018-01-21,1923,8760,2,1605.1486058099053,5451.148605809905,0.0,Stock Sufficient,Healthy Stock
2018-01-28,1756,11946,2,1605.1486058099053,5117.148605809905,0.0,Stock Sufficient,Healthy Stock
2018-02-04,1801,12346,1,1135.0114639803164,2936.0114639803164,0.0,Stock Sufficient,Healthy Stock
2018-02-11,1732,8769,2,1605.1486058099053,5069.148605809905,0.0,Stock Sufficient,Healthy Stock
2018-02-18,1842,14092,2,1605.1486058099053,5289.148605809905,0.0,Stock Sufficient,Healthy Stock
2018-02-25,1971,6833,2,1605.1486058099053,5547.148605809905,0.0,Stock Sufficient,Healthy Stock
2018-03-04,2112,8917,1,1135.0114639803164,3247.0114639803164,0.0,Stock Sufficient,Healthy Stock
2018-03-11,1821,10984,1,1135.0114639803164,2956.0114639803164,0.0,Stock Sufficient,Healthy Stock
2018-03-18,1749,8310,3,1965.8975227870405,7212.8975227870405,0.0,Stock Sufficient,Healthy Stock
2018-03-25,1953,6908,3,1965.8975227870405,7824.8975227870405,916.8975227870405,Reorder Needed,Low Stock
2018-04-01,1646,10416,2,1605.1486058099053,4897.148605809905,0.0,Stock Sufficient,Healthy Stock
2018-04-08,1763,7272,3,1965.8975227870405,7254.8975227870405,0.0,Stock Sufficient,Healthy Stock
2018-04-15,1771,8879,2,1605.1486058099053,5147.148605809905,0.0,Stock Sufficient,Healthy Stock
2018-04-22,1899,8224,1,1135.0114639803164,3034.0114639803164,0.0,Stock Sufficient,Healthy Stock
2018-04-29,1888,7281,3,1965.8975227870405,7629.8975227870405,348.89752278704054,Reorder Needed,Low Stock
2018-05-06,1995,14632,1,1135.0114639803164,3130.0114639803164,0.0,Stock Sufficient,Healthy Stock
2018-05-13,2257,5333,2,1605.1486058099053,6119.148605809905,786.1486058099053,Reorder Needed,Low Stock
2018-05-20,2104,7484,1,1135.0114639803164,3239.0114639803164,0.0,Stock Sufficient,Healthy Stock
2018-05-27,1095,7602,1,1135.0114639803164,2230.0114639803164,0.0,Stock Sufficient,Healthy Stock
2018-06-03,1221,6834,1,1135.0114639803164,2356.0114639803164,0.0,Stock Sufficient,Healthy Stock
2018-06-10,1663,12642,1,1135.0114639803164,2798.0114639803164,0.0,Stock Sufficient,Healthy Stock
2018-06-17,1711,5910,1,1135.0114639803164,2846.0114639803164,0.0,Stock Sufficient,Healthy Stock
2018-06-24,1636,8940,3,1965.8975227870405,6873.8975227870405,0.0,Stock Sufficient,Healthy Stock
2018-07-01,1602,10730,2,1605.1486058099053,4809.148605809905,0.0,Stock Sufficient,Healthy Stock
2018-07-08,1325,7965,1,1135.0114639803164,2460.0114639803164,0.0,Stock Sufficient,Healthy Stock
2018-07-15,1075,9100,1,1135.0114639803164,2210.0114639803164,0.0,Stock Sufficient,Healthy Stock
2018-07-22,1843,10236,1,1135.0114639803164,2978.0114639803164,0.0,Stock Sufficient,Healthy Stock
2018-07-29,1861,10817,3,1965.8975227870405,7548.8975227870405,0.0,Stock Sufficient,Healthy Stock
2018-08-05,2255,14837,3,1965.8975227870405,8730.89752278704,0.0,Stock Sufficient,Healthy Stock
2018-08-12,2211,13151,2,1605.1486058099053,6027.148605809905,0.0,Stock Sufficient,Healthy Stock
2018-08-19,2032,11011,2,1605.1486058099053,5669.148605809905,0.0,Stock Sufficient,Healthy Stock
2018-08-26,1187,14269,3,1965.8975227870405,5526.8975227870405,0.0,Stock Sufficient,Healthy Stock
2018-09-02,132,6170,1,1135.0114639803164,1267.0114639803164,0.0,Stock Sufficient,Healthy Stock
